OBS;WAGE;HOURS;IQ;KWW;EDUC;MEDUC;FEDUC;EXPER;TENURE;AGE;MARRIED;BLACK;SOUTH;URBAN;SIBS;BRTHORD
1;769;40;93;35;12;8;8;11;2;31;1;0;0;1;1;2
2;808;50;119;41;18;14;14;11;16;37;1;0;0;1;1;NA
3;825;40;108;46;14;14;14;11;9;33;1;0;0;1;1;2
4;650;40;96;32;12;12;12;13;7;32;1;0;0;1;4;3
5;562;40;74;27;11;6;11;14;5;34;1;0;0;1;10;6
6;1400;40;116;43;16;8;NA;14;2;35;1;1;0;1;1;2
7;600;40;91;24;10;8;8;13;0;30;0;0;0;1;1;2
8;1081;40;114;50;18;8;NA;8;14;38;1;0;0;1;2;3
9;1154;45;111;37;15;14;5;13;1;36;1;0;0;0;2;3
10;1000;40;95;44;12;12;11;16;16;36;1;0;0;1;1;1
11;930;43;132;44;18;13;14;8;13;38;1;0;0;0;1;1
12;921;38;102;45;14;16;NA;9;11;33;1;0;0;0;1;2
13;900;45;125;40;15;12;12;4;3;30;0;0;0;0;2;NA
14;1318;38;119;24;16;10;10;7;2;28;1;0;0;1;3;1
15;1792;40;118;47;16;12;12;9;9;34;1;0;0;1;1;1
16;958;50;105;37;10;6;8;17;2;35;1;0;0;1;1;2
17;1360;45;109;39;15;12;10;6;9;36;1;0;0;1;3;3
18;850;40;72;36;11;10;8;19;10;38;1;0;0;1;2;3
19;830;44;105;29;14;12;NA;4;7;29;1;0;0;1;3;1
20;471;44;101;34;12;8;NA;13;7;31;1;0;0;1;3;2
21;1275;40;123;37;14;12;NA;9;1;31;1;0;0;1;0;1
22;1615;50;113;49;16;12;12;10;4;36;1;0;0;1;2;1
23;873;65;95;36;12;10;10;14;3;38;1;0;0;1;5;1
24;2137;45;145;50;16;12;12;17;8;38;1;0;0;1;2;1
25;1053;38;114;35;16;11;11;12;7;32;1;0;0;1;0;1
26;1602;60;124;32;16;16;16;8;9;29;1;0;0;1;3;1
27;1188;40;93;40;13;12;8;16;5;35;1;0;0;1;2;1
28;800;40;115;39;18;8;8;11;1;35;1;0;1;1;0;1
29;1417;48;125;41;17;13;12;9;4;34;1;0;0;1;3;1
30;635;40;128;35;18;16;16;8;13;36;0;0;0;1;2;1
31;1000;40;103;40;12;8;NA;17;2;34;1;0;0;1;1;1
32;1424;50;98;41;14;12;12;15;4;35;1;0;0;1;1;1
33;2668;75;108;41;13;12;12;12;2;32;1;0;1;1;1;2
34;666;75;129;40;18;18;18;8;12;38;1;0;0;0;2;1
35;1779;40;132;42;17;17;14;8;9;32;1;0;0;1;1;1
36;782;40;92;24;13;8;NA;9;10;31;1;0;0;1;3;3
37;1572;35;108;39;14;12;8;7;5;28;1;1;0;1;1;NA
38;1274;40;106;35;13;15;12;11;12;31;1;0;0;1;0;1
39;714;35;105;37;16;13;12;9;2;29;1;0;0;1;1;2
40;1081;40;123;46;18;12;12;11;7;36;1;0;0;0;1;1
41;692;40;108;48;12;8;7;21;11;38;1;0;0;1;3;1
42;1318;38;122;47;17;12;8;10;9;33;1;0;0;1;1;NA
43;1239;45;109;44;12;12;NA;16;4;38;1;0;0;1;3;3
44;1027;27;100;40;13;10;9;12;15;38;1;0;0;1;3;3
45;1748;55;125;50;18;14;15;12;12;34;1;0;0;1;1;2
46;981;40;122;41;14;12;NA;9;15;35;0;0;0;1;3;2
47;770;40;105;34;17;12;12;7;11;30;1;0;0;1;3;1
48;1154;50;94;37;16;12;12;11;5;33;1;0;0;1;1;NA
49;1155;40;102;36;12;12;NA;16;5;34;1;0;0;1;1;2
50;808;60;109;47;13;12;10;14;12;38;1;0;0;1;2;2
51;1100;40;105;45;12;12;12;22;14;38;1;0;0;1;1;1
52;1154;40;134;46;18;12;12;10;10;37;1;0;1;1;2;1
53;1749;40;108;32;12;12;9;13;9;29;0;0;0;1;7;1
54;1000;50;104;36;16;12;11;11;8;30;1;0;0;1;1;1
55;462;40;112;35;12;12;NA;11;1;29;1;0;0;1;8;3
56;769;55;120;49;18;11;8;8;12;32;0;0;0;1;1;1
57;875;50;124;40;16;17;16;9;3;31;0;0;0;0;2;2
58;1375;40;103;34;12;12;10;12;7;29;1;0;0;1;4;2
59;1452;45;115;45;17;12;14;1;7;30;1;0;0;1;3;1
60;800;40;96;33;12;6;8;17;12;35;1;0;0;1;1;2
61;1748;55;123;48;17;12;12;10;7;36;1;0;0;1;1;1
62;1151;40;98;34;12;12;8;12;12;29;1;0;0;1;3;4
63;840;50;96;34;12;12;8;18;13;35;1;0;0;1;2;1
64;978;45;89;47;12;12;NA;17;2;38;1;0;0;1;0;1
65;963;40;109;43;12;NA;7;15;15;37;0;0;0;0;5;NA
66;619;42;93;20;12;9;11;10;10;28;0;0;0;1;8;NA
67;442;60;82;32;12;12;9;12;0;33;1;0;0;1;2;3
68;600;40;120;45;15;12;NA;12;1;38;1;0;0;0;3;4
69;1366;38;122;38;12;12;NA;15;15;32;1;0;0;1;1;2
70;1643;48;117;48;18;12;18;8;2;33;1;0;0;1;2;2
71;1455;40;109;44;16;8;8;8;13;36;1;0;0;1;1;2
72;2310;40;114;55;18;12;16;12;7;38;1;0;0;1;2;NA
73;1682;45;126;40;16;12;16;10;11;31;1;0;0;1;1;1
74;1235;40;82;45;12;11;11;10;2;33;1;0;0;1;1;1
75;855;45;119;45;16;12;9;11;4;32;1;0;0;1;3;1
76;1072;42;104;37;16;12;6;6;8;35;1;0;0;1;2;2
77;1040;40;115;49;15;NA;11;8;15;35;1;0;0;1;3;4
78;1000;50;97;45;12;12;12;17;15;36;1;0;0;1;1;2
79;675;40;105;27;15;14;12;8;2;31;1;0;0;0;3;NA
80;1100;37;100;32;12;7;7;14;1;30;1;0;0;1;1;2
81;996;50;114;41;12;12;10;5;14;31;1;0;0;1;2;1
82;732;40;73;28;10;NA;NA;17;5;36;1;0;0;1;5;6
83;1200;40;96;48;11;8;8;15;3;37;1;0;0;1;4;3
84;1694;30;113;30;15;12;16;9;8;29;0;0;0;1;3;1
85;686;55;106;38;10;14;10;15;3;36;1;0;1;1;4;5
86;754;40;104;37;13;8;NA;9;5;32;1;0;0;1;1;2
87;857;35;80;39;10;NA;12;14;15;33;1;0;0;1;2;1
88;832;50;104;30;13;12;8;4;2;30;1;0;0;1;1;2
89;579;44;122;36;13;16;16;8;1;30;1;0;0;0;4;1
90;672;61;96;38;12;12;13;13;3;34;1;0;0;1;2;NA
91;2500;40;95;51;15;16;16;12;9;36;1;0;0;1;3;1
92;1076;45;105;24;12;16;17;5;8;31;0;0;0;1;1;1
93;750;40;94;18;12;8;8;16;3;37;1;1;0;1;7;3
94;1186;30;91;41;17;12;14;8;9;33;1;0;0;1;1;1
95;833;48;96;37;16;12;14;9;7;31;1;0;0;1;4;4
96;650;40;69;37;12;10;9;14;11;30;1;1;0;1;3;4
97;1250;46;110;37;12;NA;12;5;16;38;1;0;0;0;1;1
98;1122;48;111;44;15;9;12;12;9;31;1;0;0;1;3;1
99;865;40;110;35;16;9;12;1;11;31;1;0;0;1;3;1
100;808;40;97;37;16;9;12;10;7;29;1;0;0;1;3;3
101;1299;60;125;44;18;8;8;6;12;35;0;0;0;1;1;2
102;903;40;91;39;12;9;10;6;12;36;1;0;0;1;5;4
103;900;40;86;28;12;8;10;17;15;37;1;0;0;1;5;3
104;625;40;110;32;12;9;8;18;0;35;1;0;0;1;4;1
105;1586;40;92;47;14;12;NA;16;1;36;1;0;1;1;4;4
106;962;40;85;41;10;9;12;15;16;38;1;0;0;1;1;2
107;1539;45;120;36;17;8;8;7;8;34;1;0;0;1;1;1
108;1110;52;106;42;12;12;12;11;6;33;1;0;0;0;5;2
109;1282;45;112;41;16;12;12;6;6;31;0;0;1;1;2;2
110;770;48;91;39;12;10;8;13;2;38;1;0;0;1;1;2
111;1000;45;90;42;12;10;12;16;0;38;1;0;0;1;6;3
112;895;40;86;39;9;NA;12;17;16;38;1;1;0;0;2;NA
113;1205;40;86;32;10;8;NA;13;0;32;1;1;0;1;5;5
114;750;40;113;27;12;12;12;11;10;29;1;0;0;0;1;NA
115;654;50;111;51;13;12;9;5;16;38;1;0;0;1;3;3
116;601;48;111;30;12;12;12;15;3;33;1;0;0;1;0;1
117;600;40;106;32;13;8;7;10;11;28;1;0;0;1;6;NA
118;433;40;98;28;12;12;11;11;10;30;0;0;0;1;1;1
119;1188;40;105;28;12;12;10;11;7;30;1;0;0;1;3;1
120;635;40;105;29;12;10;NA;15;15;33;1;0;0;0;2;2
121;1225;40;118;44;13;12;9;9;14;32;1;0;0;1;0;1
122;1151;45;90;38;12;12;8;19;19;36;1;0;0;1;1;1
123;865;40;95;34;12;9;8;15;11;32;0;0;0;1;3;1
124;1031;40;112;24;14;12;12;9;5;29;1;0;0;1;4;2
125;1049;55;120;39;12;12;10;9;11;32;1;0;0;1;3;2
126;1000;45;123;41;12;12;10;12;1;29;1;0;0;1;3;3
127;1105;40;103;32;13;16;15;10;11;30;1;0;0;1;1;1
128;1924;50;121;40;18;16;18;11;7;35;1;0;0;1;3;1
129;1346;40;90;44;16;12;12;9;16;38;1;0;0;1;1;1
130;809;65;125;32;12;12;12;11;10;29;1;0;0;1;0;1
131;1495;45;109;34;18;9;8;10;3;32;1;0;0;1;3;1
132;1346;50;128;46;16;10;9;10;1;33;0;0;0;0;3;1
133;1200;40;97;35;12;12;12;10;4;31;1;0;0;1;3;1
134;500;40;96;35;12;12;12;6;0;33;1;0;1;1;4;4
135;1325;45;97;44;12;12;8;12;5;28;1;0;0;1;1;2
136;900;40;78;21;12;7;6;16;5;33;1;1;0;1;4;1
137;800;40;112;39;12;7;NA;15;3;34;1;0;0;1;6;4
138;800;40;88;32;12;2;5;16;7;38;1;0;0;1;3;2
139;1034;40;97;39;12;14;11;15;16;36;1;0;0;1;14;10
140;980;40;101;41;12;6;9;4;12;36;1;0;0;1;1;NA
141;884;40;106;42;10;7;10;19;12;34;1;0;0;1;2;1
142;480;40;59;28;10;8;6;11;5;34;0;0;0;1;0;1
143;923;40;105;54;18;12;12;7;14;34;1;0;0;1;1;1
144;513;45;119;30;17;12;8;8;5;31;0;0;0;1;1;1
145;1105;40;93;36;11;8;8;17;16;37;0;0;0;1;2;2
146;1193;50;82;38;12;12;NA;19;10;36;1;0;1;1;0;1
147;2771;50;134;45;18;16;16;6;7;34;1;0;0;1;4;3
148;779;40;84;29;12;8;12;9;6;30;1;0;0;1;0;1
149;950;60;98;36;11;12;12;13;6;31;1;0;0;1;2;1
150;1394;40;118;41;16;13;12;11;8;30;1;0;0;0;2;1
151;1495;45;113;50;17;12;8;13;9;33;1;0;0;1;3;3
152;650;40;100;18;12;9;11;4;3;28;1;0;0;1;6;2
153;670;40;93;27;13;12;12;9;5;29;1;0;0;1;2;NA
154;1126;40;119;30;16;12;10;5;8;32;1;0;0;1;1;1
155;450;64;67;19;12;11;4;11;1;33;0;1;0;1;6;1
156;1028;40;111;28;12;12;NA;19;12;37;1;1;1;1;3;4
157;2404;50;106;38;15;12;12;8;0;32;1;0;0;1;2;1
158;1899;40;127;49;18;10;NA;9;14;36;0;0;0;1;0;1
159;757;40;113;35;16;12;12;10;9;33;1;0;0;1;2;1
160;1250;40;115;36;14;12;12;9;1;29;1;0;0;1;2;2
161;1162;48;102;40;16;12;NA;8;11;31;1;0;0;1;3;2
162;1025;40;85;29;15;14;12;9;13;29;1;1;0;1;6;1
163;1100;50;117;51;16;12;10;11;12;32;1;0;0;0;0;1
164;714;35;125;34;16;10;10;7;5;28;1;0;0;1;4;1
165;1318;35;118;47;16;8;12;16;17;37;1;0;0;0;1;1
166;1411;45;121;40;18;12;16;14;3;38;1;0;0;1;3;2
167;2162;40;115;51;17;12;12;4;4;38;1;0;0;1;1;1
168;1273;55;120;44;14;12;NA;11;16;36;1;0;0;0;1;1
169;1140;48;109;43;12;11;6;16;15;35;1;0;0;1;2;2
170;578;40;109;28;13;12;11;7;4;30;0;0;0;1;1;NA
171;942;40;85;36;12;NA;NA;7;10;38;1;0;0;1;4;5
172;1058;40;85;50;12;12;NA;17;8;38;1;0;0;0;4;1
173;750;40;106;32;14;11;10;9;9;29;1;0;0;1;1;2
174;1000;60;101;30;12;10;10;11;6;30;1;0;0;1;3;1
175;951;60;116;40;12;12;9;9;7;30;1;0;0;1;4;5
176;635;47;91;24;12;7;7;13;2;31;1;0;0;1;2;2
177;1250;40;91;28;12;11;5;13;1;34;1;0;0;1;3;1
178;675;40;110;34;12;7;NA;6;15;34;1;0;0;1;2;1
179;400;40;75;33;12;7;12;11;6;32;1;0;0;1;4;NA
180;577;50;94;17;12;12;8;9;8;29;1;0;0;1;2;NA
181;590;40;109;27;13;12;12;10;7;29;1;0;0;0;2;2
182;923;50;122;38;16;8;8;10;10;31;1;0;0;0;1;2
183;1250;50;102;26;12;11;8;6;2;32;0;0;0;1;4;2
184;1100;40;122;38;14;8;10;11;8;33;1;0;0;1;2;3
185;1130;50;105;38;12;10;10;18;2;37;1;0;0;1;4;2
186;652;50;113;37;12;9;9;14;4;36;0;0;0;1;1;2
187;618;42;104;34;12;8;12;6;2;30;1;0;0;1;3;2
188;962;50;124;43;16;9;11;7;14;34;1;0;0;1;2;2
189;529;40;110;31;13;12;8;14;11;32;1;0;0;0;1;1
190;817;40;95;37;12;12;12;16;14;33;1;0;0;0;2;1
191;962;40;120;39;16;18;NA;8;9;32;1;0;0;0;0;1
192;840;40;105;39;12;12;8;19;15;38;1;0;0;0;3;1
193;866;40;121;30;16;12;12;7;4;28;1;0;0;0;1;NA
194;2404;50;96;42;14;8;10;1;1;36;1;0;0;1;5;5
195;1126;40;110;26;12;9;12;16;2;32;1;0;0;1;6;1
196;1160;40;92;32;12;12;11;8;8;31;1;0;0;0;4;1
197;723;40;98;34;12;9;NA;15;5;38;1;0;0;1;1;1
198;1778;40;109;43;16;11;12;14;13;36;1;0;0;1;0;1
199;1903;48;118;44;18;11;11;13;5;36;1;0;0;0;0;1
200;1010;40;97;42;18;14;NA;7;14;34;1;0;0;1;4;5
201;971;40;95;42;17;16;8;5;11;37;1;0;0;1;1;2
202;525;40;99;40;12;10;8;9;2;34;1;0;0;1;2;1
203;525;40;106;31;12;10;12;12;13;30;1;0;0;0;1;1
204;670;45;117;33;12;12;NA;10;3;30;1;0;0;0;5;2
205;500;45;90;47;12;12;6;19;4;37;1;0;0;0;0;1
206;1058;45;98;45;14;NA;NA;14;15;34;1;0;0;0;2;3
207;550;46;95;44;12;12;11;18;15;35;1;0;0;1;1;1
208;500;45;115;43;12;12;11;14;1;32;1;0;0;1;1;2
209;727;55;106;40;15;12;12;10;5;31;0;0;0;1;1;NA
210;865;40;114;26;12;8;8;6;8;30;1;0;0;0;2;3
211;1081;40;92;34;13;12;10;8;2;30;1;0;1;1;3;4
212;1304;45;119;36;17;13;12;9;9;31;1;0;0;0;1;1
213;575;40;85;32;13;13;12;6;1;30;1;0;0;0;1;2
214;623;45;98;34;16;12;12;7;1;30;1;0;0;0;3;1
215;515;45;114;30;13;12;12;8;10;28;1;0;0;0;3;2
216;1273;55;84;42;18;8;12;14;4;37;1;0;0;1;1;1
217;990;40;108;42;13;16;16;13;9;33;1;0;0;0;4;1
218;600;40;107;32;12;8;4;16;6;33;1;0;0;0;5;6
219;1160;40;84;35;12;16;12;17;2;38;1;0;0;0;4;2
220;500;55;86;22;12;10;12;11;9;29;1;0;0;0;5;5
221;795;45;88;27;12;10;12;17;18;35;1;0;0;0;2;2
222;500;50;97;34;11;NA;NA;20;3;37;1;0;0;0;2;1
223;740;50;84;31;10;NA;9;23;13;38;1;0;0;0;5;1
224;1250;40;117;45;16;12;14;10;7;33;1;0;0;1;1;1
225;1014;55;110;42;16;12;14;13;9;30;0;0;0;1;1;2
226;1250;32;104;32;13;9;NA;13;3;33;1;0;0;1;3;3
227;913;40;110;26;14;9;NA;4;13;29;1;0;0;1;3;4
228;1346;40;99;33;16;11;12;9;8;30;1;0;0;1;2;NA
229;445;40;80;31;10;NA;NA;19;0;38;1;0;0;0;5;5
230;265;40;101;43;12;NA;NA;18;2;37;1;0;0;1;1;2
231;1250;40;117;31;14;12;12;7;1;28;1;0;0;1;1;2
232;1607;56;108;41;13;NA;NA;7;9;36;1;0;0;1;2;1
233;1452;35;69;33;16;10;10;12;15;38;1;1;0;1;7;6
234;1391;50;109;38;12;11;9;14;8;32;1;1;1;1;1;2
235;821;45;85;39;16;8;8;8;2;32;1;0;0;1;5;6
236;794;40;114;36;16;11;9;9;7;29;1;0;0;1;1;2
237;500;30;90;46;13;NA;NA;10;1;38;1;0;0;0;4;3
238;520;50;107;30;18;12;14;6;3;29;1;0;0;0;10;1
239;1730;50;117;41;18;12;8;12;12;37;1;0;0;1;1;2
240;1924;50;112;47;18;16;18;9;10;38;1;0;0;1;6;1
241;1155;60;106;46;18;14;18;10;2;37;1;0;0;1;3;3
242;2162;40;116;38;15;12;17;9;4;31;1;0;0;1;2;1
243;923;50;123;44;14;8;NA;8;7;31;1;0;0;1;1;2
244;1115;40;118;40;16;8;NA;12;13;33;1;0;0;1;1;1
245;449;36;91;20;12;NA;NA;7;2;30;0;0;0;1;1;NA
246;1500;40;103;29;12;12;7;10;11;34;1;0;0;1;2;3
247;826;40;114;40;14;8;6;20;3;37;1;0;0;1;4;4
248;937;40;102;36;12;12;6;16;8;35;1;0;0;1;3;2
249;978;48;104;36;12;6;NA;19;15;36;1;0;0;1;5;6
250;1031;40;112;43;14;14;12;14;12;33;0;0;0;1;6;6
251;1272;40;107;39;12;12;12;10;1;30;1;0;0;1;4;3
252;1136;50;117;36;14;12;12;16;12;34;1;0;1;1;2;3
253;800;45;110;36;12;NA;NA;19;12;36;1;0;0;1;7;8
254;1339;38;96;42;12;12;11;8;9;33;1;0;0;1;0;1
255;1063;40;90;38;12;8;12;14;12;32;1;1;0;1;2;2
256;935;44;97;27;12;8;7;10;6;29;1;0;0;1;2;2
257;808;40;99;40;12;9;8;18;13;38;1;1;0;1;0;1
258;375;40;99;29;10;8;5;12;2;30;1;0;1;0;3;2
259;537;40;97;32;12;11;NA;14;8;31;0;1;0;1;2;1
260;1082;55;95;40;12;11;NA;11;4;29;1;1;0;1;2;2
261;930;40;126;44;14;8;NA;10;1;31;0;0;0;1;3;NA
262;1155;40;109;49;17;12;8;13;4;38;1;0;0;0;3;3
263;548;40;86;22;11;11;NA;7;0;33;1;1;0;1;5;2
264;622;45;119;48;16;12;12;12;1;33;1;0;0;1;0;1
265;841;40;102;38;16;12;12;10;1;29;1;0;0;1;3;1
266;769;55;105;45;18;9;5;7;15;38;0;0;0;1;2;3
267;587;38;117;40;17;12;NA;8;5;29;1;0;0;0;3;3
268;1924;45;112;40;16;12;12;17;18;38;1;0;0;1;1;1
269;1058;40;89;28;12;8;6;7;3;29;1;0;0;1;2;NA
270;417;48;131;39;12;12;6;7;1;28;0;0;0;1;1;2
271;1202;48;114;28;16;16;16;6;6;28;1;0;0;1;3;3
272;1154;40;98;35;14;10;14;18;2;37;1;0;0;1;1;NA
273;1070;40;124;41;13;NA;NA;4;9;32;1;0;0;1;0;1
274;1202;40;125;30;14;12;12;10;11;29;1;0;0;1;2;3
275;711;45;100;38;18;10;16;13;3;36;1;0;0;1;1;NA
276;1202;40;84;21;14;11;9;6;5;31;1;1;0;1;2;1
277;850;43;113;26;12;8;12;7;3;28;1;0;0;1;1;2
278;1000;40;102;46;16;10;12;13;11;35;1;0;0;1;6;2
279;490;49;82;33;18;12;9;7;8;31;0;0;0;1;2;NA
280;1000;40;112;47;14;12;10;15;4;35;1;0;0;1;4;1
281;865;40;111;38;16;8;5;11;4;31;1;0;1;1;4;5
282;1375;40;96;24;13;11;8;3;3;30;1;0;0;1;3;1
283;1586;40;127;48;16;16;16;16;12;37;1;0;0;1;4;4
284;1602;65;97;47;15;8;NA;14;14;37;1;0;0;1;1;1
285;3078;65;120;50;14;12;NA;12;13;36;1;0;1;1;1;2
286;898;40;101;41;16;16;14;7;9;35;0;0;0;1;3;4
287;906;40;120;40;14;12;12;16;2;37;1;0;0;1;5;1
288;952;40;99;34;13;8;10;10;10;31;1;1;0;1;1;1
289;571;40;78;33;13;8;9;10;1;29;0;1;0;1;5;5
290;445;45;110;23;12;5;11;15;13;32;0;0;0;1;2;2
291;289;40;94;35;12;5;11;9;0;30;1;0;0;1;2;3
292;1444;40;120;50;16;17;13;12;15;37;1;0;0;1;1;2
293;962;55;108;45;12;8;8;19;21;36;1;0;0;1;3;1
294;1075;40;103;31;12;11;11;17;10;33;1;0;0;1;13;3
295;909;55;97;39;11;NA;NA;17;5;35;1;0;0;1;7;3
296;1250;40;106;36;12;11;13;14;19;35;1;0;0;1;4;1
297;620;40;99;22;11;NA;NA;10;5;29;1;1;0;1;11;5
298;1016;40;72;18;10;11;NA;14;15;37;1;1;0;1;8;9
299;800;40;88;29;10;11;8;21;14;37;1;1;0;1;8;1
300;1050;40;119;37;16;12;13;7;18;37;0;0;0;1;2;2
301;1079;50;87;33;12;8;NA;18;9;36;1;0;0;1;5;5
302;654;50;121;49;17;11;12;12;13;34;1;0;0;1;1;2
303;781;50;112;33;12;12;8;8;10;30;1;0;0;1;2;2
304;1038;48;103;36;15;12;15;8;2;36;1;0;1;0;2;1
305;1924;50;99;48;16;16;18;16;14;37;1;0;0;1;0;1
306;1202;40;101;40;15;12;12;15;17;37;1;0;0;1;3;2
307;666;70;117;34;15;NA;NA;8;2;32;1;0;0;1;0;1
308;905;45;109;41;14;8;8;11;14;36;1;0;0;1;3;4
309;890;70;73;46;12;12;12;6;8;31;1;0;0;1;3;1
310;817;40;116;27;16;16;16;10;7;31;1;0;1;0;1;2
311;812;40;98;42;12;12;12;10;2;29;0;0;0;1;3;2
312;577;60;104;43;14;14;12;6;2;30;1;0;1;1;2;3
313;756;40;78;29;14;12;12;9;2;31;1;0;0;1;2;2
314;1011;40;104;43;12;NA;NA;20;7;37;1;0;1;1;0;1
315;1155;45;85;39;12;12;12;14;1;34;1;0;0;1;2;1
316;1025;40;104;25;12;12;10;12;7;29;1;0;0;1;3;4
317;1350;40;107;37;12;NA;NA;17;12;35;1;0;0;0;2;3
318;1001;40;109;48;12;8;10;20;22;37;1;0;0;1;1;1
319;796;48;119;31;13;11;NA;16;15;37;1;1;0;1;7;1
320;1230;50;96;33;13;10;11;11;12;30;1;0;0;1;3;2
321;754;40;93;31;12;NA;NA;13;1;30;1;0;0;1;5;NA
322;714;40;90;32;12;12;12;17;1;37;1;0;0;0;5;3
323;1000;45;103;29;15;12;NA;8;3;32;1;0;0;1;3;4
324;2067;40;106;41;16;14;12;12;13;33;1;0;1;1;2;1
325;912;40;96;32;16;14;12;11;5;30;1;0;0;1;2;2
326;600;40;114;39;12;8;8;8;5;30;1;0;1;1;6;3
327;951;40;86;33;11;9;NA;13;1;31;1;0;0;1;3;4
328;711;45;110;38;16;13;12;8;5;32;1;0;1;1;3;2
329;1151;48;87;41;12;12;12;18;9;38;1;0;0;1;2;1
330;1000;40;89;31;12;13;12;9;5;28;1;0;0;1;2;3
331;841;44;106;40;12;8;NA;15;10;31;1;0;0;1;5;6
332;400;70;100;43;12;5;8;12;3;32;1;0;0;1;3;2
333;1175;45;111;38;12;16;4;17;14;34;1;0;0;1;0;1
334;1202;40;100;40;12;12;12;18;2;37;1;0;0;1;0;1
335;1442;40;114;38;12;12;10;16;17;33;1;0;0;1;2;3
336;538;55;98;45;18;13;NA;5;1;34;1;0;0;1;2;2
337;781;40;89;24;11;9;8;13;10;30;1;0;0;1;3;1
338;750;60;74;23;10;11;9;13;9;30;1;0;0;1;4;2
339;841;48;110;37;18;12;12;13;1;37;0;1;0;1;1;1
340;700;50;130;29;13;11;14;14;1;38;1;0;0;1;1;2
341;1346;50;108;51;16;12;10;9;4;36;1;0;0;1;1;2
342;800;45;98;31;12;10;8;16;12;33;1;0;0;0;3;4
343;1250;40;125;27;16;16;NA;9;10;30;1;0;0;1;3;1
344;1105;40;104;29;16;12;12;5;8;29;1;0;0;1;3;1
345;475;52;98;33;14;8;10;12;1;30;0;0;0;1;6;1
346;762;58;104;37;15;11;12;6;4;33;1;0;0;0;2;1
347;962;40;120;33;12;8;8;18;19;36;1;0;0;1;3;NA
348;721;40;134;38;13;8;8;9;9;30;0;0;1;1;3;3
349;800;50;92;28;9;8;8;18;13;34;1;0;0;1;0;1
350;658;40;129;34;16;13;16;11;9;30;1;0;0;1;2;1
351;1270;40;118;42;14;12;12;4;16;36;1;0;0;1;2;1
352;1313;40;107;37;12;12;NA;11;7;28;1;0;0;0;1;NA
353;824;42;92;37;12;12;11;19;15;38;1;0;0;1;1;1
354;1442;40;118;33;16;16;12;6;7;29;1;0;0;1;2;1
355;1400;42;108;38;17;12;14;7;3;31;1;0;0;1;2;1
356;1038;50;119;42;12;12;8;20;5;36;1;0;0;0;3;3
357;668;43;109;29;12;8;7;11;12;29;1;0;0;0;2;3
358;1100;40;91;41;12;8;8;18;10;36;1;0;0;0;2;3
359;1000;45;118;38;14;12;10;9;7;30;1;0;0;1;3;1
360;523;43;119;37;13;14;NA;9;2;30;1;0;0;0;4;1
361;1111;40;103;33;14;14;12;13;13;31;1;0;0;0;6;3
362;962;40;120;25;16;12;8;6;4;28;1;0;0;0;4;3
363;729;47;122;40;18;8;6;6;13;34;1;0;0;1;3;3
364;690;40;119;35;12;8;NA;9;5;28;1;0;0;1;1;2
365;1010;50;104;37;11;9;6;15;7;38;1;0;0;0;6;1
366;600;40;96;22;11;8;8;7;2;29;1;0;1;1;4;3
367;596;40;83;36;12;8;8;16;17;34;1;0;0;0;3;3
368;850;44;115;37;12;NA;NA;11;1;29;1;0;0;1;3;2
369;670;40;88;27;12;10;8;9;2;29;1;0;0;1;7;3
370;793;40;96;43;12;8;8;17;18;36;1;0;0;0;4;5
371;1442;40;123;42;17;12;6;14;7;38;1;0;1;0;2;3
372;670;50;108;43;12;11;7;14;8;34;1;0;1;1;5;1
373;876;45;116;35;16;12;12;10;8;29;1;0;0;1;2;1
374;841;40;109;45;18;16;12;13;2;36;1;0;0;0;3;4
375;975;40;97;39;13;12;12;8;0;31;1;0;0;1;3;1
376;1223;40;107;34;12;12;10;7;3;28;1;0;0;0;1;1
377;910;30;95;27;12;12;14;16;5;35;1;0;1;1;2;3
378;533;45;109;31;15;15;12;8;2;30;1;0;0;1;2;2
379;750;40;104;36;12;12;12;15;11;33;1;0;0;0;0;1
380;1206;40;110;37;12;12;12;16;4;38;1;0;0;1;1;1
381;745;40;94;40;13;13;8;17;1;36;0;0;0;0;2;3
382;900;40;103;38;12;8;6;15;1;37;1;0;1;0;3;3
383;1170;47;123;45;14;8;12;9;14;32;1;0;0;1;3;4
384;540;50;113;33;12;6;12;12;3;31;1;0;0;0;5;4
385;550;40;110;35;16;NA;NA;15;1;38;1;0;0;0;2;1
386;615;40;100;31;14;12;12;9;4;30;1;0;0;0;3;3
387;909;40;95;39;13;12;12;6;2;31;1;0;0;1;2;1
388;769;40;100;34;12;8;8;18;12;36;1;0;0;0;1;2
389;984;40;108;39;13;15;8;17;18;37;1;0;0;1;4;1
390;833;60;101;47;12;12;NA;15;12;37;1;0;0;1;5;2
391;879;70;90;43;12;12;16;17;10;35;0;0;0;1;1;2
392;1027;45;115;41;12;8;5;16;7;35;1;0;0;1;4;3
393;1000;55;114;41;16;NA;NA;10;1;33;1;0;1;0;0;1
394;465;43;84;33;13;11;11;10;1;29;1;0;0;1;3;3
395;1100;40;92;37;13;12;NA;21;12;38;1;1;0;1;6;6
396;641;45;125;44;14;12;11;9;0;37;1;0;0;1;1;1
397;1035;48;107;42;12;11;8;21;14;38;1;0;0;1;1;2
398;1212;40;129;33;14;8;9;9;3;32;0;0;0;1;6;7
399;950;40;98;40;12;12;12;11;6;30;1;0;0;1;3;4
400;938;44;108;41;12;8;NA;19;20;38;1;0;0;1;0;1
401;1250;40;114;37;16;2;8;8;8;30;1;0;0;1;5;3
402;586;60;111;37;18;12;11;6;10;34;1;0;0;0;3;1
403;693;53;101;29;12;12;12;7;6;28;1;0;0;0;1;2
404;562;40;99;25;12;12;12;18;12;34;0;0;0;0;1;1
405;375;60;75;24;12;12;8;12;5;30;0;0;0;0;4;1
406;673;40;91;29;12;6;NA;7;11;38;1;0;0;0;0;1
407;654;50;113;38;17;12;10;1;13;33;1;0;0;0;1;1
408;692;50;120;34;12;8;NA;17;7;35;1;0;0;0;3;4
409;1111;40;98;32;14;12;15;10;1;29;1;0;0;1;3;1
410;1368;45;107;31;16;16;16;11;1;33;1;0;1;1;2;2
411;1282;45;121;39;18;12;12;7;13;32;1;0;0;1;2;2
412;1250;60;115;40;11;NA;NA;19;4;38;1;0;0;1;1;2
413;1346;40;134;42;15;12;10;15;7;35;1;0;0;1;2;1
414;1424;50;96;47;17;NA;NA;15;12;37;1;0;0;1;2;3
415;854;48;120;38;16;12;16;8;5;29;0;0;0;1;2;3
416;888;50;105;36;15;12;10;9;5;32;0;0;0;1;2;2
417;1161;50;121;40;12;10;NA;5;10;34;1;0;0;1;5;6
418;583;58;113;29;16;12;9;9;0;30;1;0;0;1;2;2
419;1260;45;106;37;12;12;13;5;3;29;1;0;0;1;2;1
420;947;48;104;41;18;9;12;8;13;35;1;0;0;0;3;2
421;1850;40;80;23;11;10;10;14;15;33;1;0;0;1;3;NA
422;1575;40;117;28;12;10;10;13;2;30;1;0;0;1;3;3
423;758;38;126;42;16;12;12;10;8;28;0;0;0;1;2;2
424;1442;40;112;42;12;10;8;19;15;36;1;0;0;1;3;2
425;489;55;104;47;13;NA;NA;20;4;38;1;0;1;1;2;2
426;1126;40;116;33;12;9;10;5;0;31;1;1;0;1;9;5
427;1000;40;70;18;12;8;8;12;5;32;0;1;0;1;6;NA
428;500;70;83;20;12;6;6;13;11;32;1;0;0;1;5;1
429;1200;50;84;13;12;6;6;13;9;32;1;0;0;1;5;2
430;565;45;82;30;10;NA;NA;15;3;33;1;0;0;0;4;4
431;1920;40;109;32;12;12;8;13;2;31;1;0;0;0;0;1
432;684;45;111;25;14;12;12;7;7;29;1;0;0;1;4;1
433;774;40;94;33;12;12;7;20;4;37;1;0;0;0;1;1
434;233;60;96;32;16;12;8;7;4;30;1;0;0;0;3;NA
435;975;40;101;33;13;12;13;12;10;30;1;0;0;0;3;3
436;1366;40;90;35;12;12;12;13;1;30;1;0;0;1;3;3
437;2137;40;120;48;16;12;12;16;3;37;1;0;1;1;3;3
438;700;40;120;38;16;12;12;10;1;29;1;0;1;1;1;1
439;1200;40;108;29;12;8;NA;16;11;33;1;0;0;1;3;2
440;1161;40;99;43;13;12;8;16;18;36;1;0;0;1;0;1
441;729;60;80;31;11;12;6;16;15;34;1;0;0;1;6;1
442;750;45;93;45;11;10;5;17;2;36;1;0;0;1;1;2
443;1026;45;85;46;12;NA;NA;4;16;38;1;0;0;1;1;2
444;1111;45;118;43;15;11;10;11;3;32;1;0;0;1;3;1
445;625;50;115;31;12;12;NA;12;8;31;1;0;0;1;2;3
446;1200;42;119;28;16;10;11;11;5;30;1;0;0;1;5;1
447;1541;40;94;39;12;12;11;8;1;32;1;0;0;1;8;3
448;1154;40;109;42;16;13;16;12;9;34;1;0;0;1;0;1
449;310;40;104;37;13;14;8;10;0;33;0;0;0;0;2;1
450;610;50;89;21;12;7;6;14;4;30;1;0;0;0;1;2
451;1749;43;101;28;12;12;8;16;17;36;1;0;0;0;2;2
452;1000;40;96;34;16;12;7;9;1;31;0;0;1;1;4;2
453;350;40;109;48;12;9;7;14;1;36;1;0;0;0;1;1
454;765;45;94;38;12;4;6;17;18;37;1;0;0;0;10;6
455;790;40;115;34;12;6;5;15;2;34;1;0;0;0;6;5
456;818;47;92;41;12;8;4;16;17;38;1;0;0;0;12;1
457;477;60;71;32;9;11;5;12;1;30;1;0;0;0;4;2
458;938;50;130;39;14;12;11;15;1;33;1;0;0;0;3;1
459;2099;55;119;38;16;12;12;10;4;32;1;0;0;1;0;1
460;350;40;74;24;12;10;13;14;3;32;1;0;0;1;4;2
461;940;48;104;25;12;12;8;13;0;32;1;1;0;1;7;2
462;1202;40;124;23;15;10;NA;11;8;28;1;0;0;1;2;2
463;450;40;94;29;15;12;NA;9;4;31;1;0;0;0;1;1
464;1058;40;120;44;16;12;4;16;13;37;1;0;0;0;5;4
465;1000;40;96;40;11;8;9;15;15;37;1;0;0;1;5;5
466;318;40;67;35;12;7;5;16;5;36;1;1;1;1;6;NA
467;556;40;69;26;11;8;8;13;9;34;0;1;0;1;3;NA
468;958;60;98;42;12;12;11;11;9;28;1;0;0;1;0;1
469;995;40;92;23;9;7;4;22;13;38;1;1;0;1;7;3
470;1600;50;109;44;14;9;10;16;5;33;1;0;0;0;2;NA
471;606;45;100;39;18;12;12;6;5;30;0;0;0;0;1;NA
472;511;45;101;25;12;11;12;13;1;30;1;0;0;1;4;2
473;1411;45;111;40;16;12;9;11;12;32;1;0;1;1;1;1
474;1346;40;106;38;16;8;14;15;11;37;1;0;0;1;1;1
475;1522;46;102;37;12;12;10;15;16;37;1;0;0;0;3;2
476;1075;40;115;28;14;12;10;9;10;30;1;0;0;0;2;1
477;1200;50;99;37;12;10;8;11;11;28;1;0;0;1;5;4
478;1377;37;118;48;16;11;10;15;1;36;1;0;0;1;2;2
479;874;55;132;37;13;13;16;8;2;33;1;0;0;0;2;1
480;625;40;108;26;13;12;16;11;9;30;1;0;0;1;3;NA
481;1250;32;98;40;12;14;10;17;2;33;1;0;0;1;0;1
482;1082;40;111;44;13;8;11;20;12;36;1;0;0;1;4;2
483;693;40;79;36;11;8;8;18;3;38;1;0;0;0;3;2
484;727;55;97;29;12;12;11;11;11;31;1;0;0;0;3;1
485;615;50;99;49;15;12;14;16;15;38;1;0;0;0;2;3
486;913;40;101;33;16;12;NA;5;7;31;1;0;0;1;2;3
487;884;46;120;45;17;12;18;4;10;36;1;0;0;0;2;1
488;698;43;97;33;12;8;8;10;4;29;1;0;0;1;2;3
489;800;55;106;34;12;8;12;17;18;36;1;0;0;0;3;3
490;812;40;131;44;16;12;12;9;3;30;0;0;0;0;1;1
491;1000;40;93;32;11;12;8;16;14;34;1;0;0;1;1;NA
492;549;49;79;23;12;8;8;11;3;32;0;0;0;0;4;2
493;1300;35;100;38;12;11;NA;13;15;31;1;0;0;1;4;2
494;923;50;107;30;16;9;8;9;8;33;1;0;0;1;6;4
495;1539;40;112;42;12;NA;10;15;15;32;1;0;0;0;3;1
496;721;40;105;22;12;12;10;11;9;30;1;0;0;0;3;2
497;815;40;114;25;12;12;10;15;14;31;1;0;0;0;2;1
498;600;80;116;36;12;8;NA;20;2;38;1;0;0;0;10;10
499;1100;40;104;41;12;11;13;18;7;37;1;0;0;1;2;3
500;1058;40;85;48;12;9;12;18;19;35;1;0;0;1;2;1
501;962;40;93;46;12;9;12;15;1;30;1;0;0;1;2;2
502;433;50;100;40;12;8;7;5;9;37;1;0;0;0;2;2
503;940;40;71;20;11;NA;NA;9;2;29;1;0;0;0;2;3
504;1417;38;88;36;16;12;12;9;10;32;0;0;0;1;2;1
505;1000;65;93;32;12;12;8;11;9;29;1;0;0;1;7;1
506;500;40;98;26;13;12;8;14;5;32;1;0;0;0;3;4
507;800;50;110;35;14;12;10;8;5;28;1;0;0;1;3;4
508;766;40;109;31;12;NA;6;17;18;35;1;0;0;0;4;3
509;750;43;94;38;14;11;12;12;10;33;1;0;0;0;1;1
510;550;40;77;36;12;8;8;15;2;37;1;0;0;0;6;3
511;795;52;89;35;11;NA;NA;16;4;34;1;0;0;1;6;1
512;723;40;102;44;12;12;6;12;10;30;1;0;0;1;10;6
513;1039;40;113;49;14;16;14;12;8;34;1;0;0;1;1;2
514;200;55;103;38;10;12;5;11;15;32;1;0;1;1;3;2
515;400;40;90;36;10;8;NA;12;1;32;1;1;0;1;5;3
516;575;40;96;31;11;12;7;17;1;35;1;0;1;1;2;1
517;850;40;97;35;11;12;6;16;5;37;1;0;1;1;1;1
518;508;50;87;35;12;10;NA;16;1;32;1;1;1;1;2;1
519;1162;45;89;39;12;15;NA;11;4;37;1;0;1;1;3;3
520;1199;43;70;28;13;8;NA;13;5;30;1;1;1;1;3;1
521;1270;40;104;34;16;16;17;8;4;31;1;0;1;1;3;4
522;350;45;116;36;16;11;12;5;3;33;1;0;1;1;2;2
523;963;40;85;32;14;7;NA;9;9;28;1;1;1;1;5;1
524;1463;45;104;47;15;12;12;14;11;37;1;0;1;1;3;4
525;802;40;99;26;12;9;12;13;12;29;1;1;1;1;8;6
526;642;45;93;18;12;6;6;12;7;30;1;1;1;1;1;2
527;751;40;114;37;13;12;10;9;2;28;1;0;1;1;2;2
528;488;40;103;40;17;12;16;5;3;31;1;0;1;1;1;NA
529;1400;40;92;34;12;6;2;15;5;36;1;0;1;1;2;1
530;940;45;98;41;18;8;12;10;7;31;1;0;1;1;2;2
531;866;40;114;48;13;12;NA;15;16;37;1;0;1;1;3;1
532;675;40;77;42;12;12;6;20;4;38;1;1;1;1;5;2
533;375;40;89;24;14;13;NA;9;3;30;1;1;1;1;3;1
534;325;40;93;44;14;16;NA;10;1;33;1;1;1;1;1;NA
535;346;40;110;37;12;12;5;16;17;38;1;0;1;1;2;NA
536;1442;40;132;39;17;8;12;8;1;33;1;0;1;1;3;1
537;560;49;112;37;16;8;2;13;2;32;1;0;1;0;3;1
538;550;56;99;42;12;12;12;17;11;36;1;0;1;1;1;2
539;950;44;96;26;16;10;NA;8;10;32;1;1;1;1;1;2
540;684;45;106;45;13;12;14;16;2;38;1;0;1;1;1;1
541;1322;40;128;43;16;18;NA;7;1;33;1;0;1;1;0;1
542;1634;40;95;48;12;NA;3;18;3;38;1;0;1;1;3;3
543;417;40;80;30;12;8;7;8;0;30;0;0;1;1;3;4
544;472;45;71;24;11;6;6;9;0;32;1;0;1;1;13;6
545;666;50;89;28;12;9;NA;16;1;34;1;1;1;1;6;1
546;1679;55;127;45;18;12;16;10;3;32;1;0;1;1;1;2
547;1039;40;114;43;16;8;8;1;9;31;0;0;1;1;6;5
548;1250;40;102;30;13;7;NA;13;11;30;1;0;1;1;5;6
549;760;40;88;34;12;12;7;12;15;31;1;0;1;1;2;1
550;1154;42;88;32;12;12;7;14;12;29;1;0;1;1;2;2
551;1602;60;110;45;15;14;12;14;1;37;1;0;0;1;5;1
552;1442;40;110;40;13;7;9;13;13;29;1;1;1;1;1;2
553;865;40;130;39;16;8;12;5;3;30;1;0;0;1;4;2
554;705;50;100;44;12;NA;NA;15;12;36;1;0;1;1;1;2
555;1000;40;101;36;12;12;NA;16;1;35;1;0;1;1;1;1
556;852;44;89;36;10;9;NA;13;9;32;1;0;1;1;6;7
557;770;40;80;25;12;12;12;16;14;35;1;0;0;1;1;2
558;1000;40;72;20;12;12;12;16;9;34;1;0;0;1;3;4
559;1329;55;115;56;18;12;12;10;5;36;1;0;0;1;1;1
560;1682;40;115;48;16;12;17;10;4;37;1;0;1;1;1;2
561;577;55;108;47;16;8;8;4;0;31;1;1;1;1;2;2
562;685;40;93;27;12;8;3;17;7;38;0;0;1;1;6;6
563;577;40;111;37;16;18;18;8;8;29;0;1;1;1;1;1
564;1040;40;101;38;12;11;12;19;9;38;1;1;1;1;6;1
565;1250;40;92;42;16;12;10;10;11;32;0;0;1;1;1;1
566;600;40;115;40;13;5;NA;7;7;28;0;0;1;1;4;5
567;480;40;76;29;12;11;10;17;3;35;0;1;1;1;8;5
568;1000;40;93;26;11;12;12;11;0;29;1;0;1;1;5;3
569;988;48;91;39;12;8;8;15;15;36;1;0;1;1;1;2
570;478;45;90;35;10;9;9;19;10;34;1;0;1;1;2;1
571;440;40;84;23;12;9;4;11;2;30;1;1;1;1;5;3
572;485;40;120;43;12;NA;NA;11;1;30;1;1;1;1;6;6
573;705;40;89;32;9;NA;NA;19;0;36;1;1;1;1;0;1
574;1550;40;104;47;12;9;10;16;1;34;1;0;1;0;8;4
575;960;40;107;23;12;6;9;11;9;29;1;1;1;1;11;2
576;1000;40;100;42;12;12;12;16;14;32;1;0;1;1;2;3
577;625;40;129;40;18;15;15;4;5;36;1;0;1;0;3;1
578;1346;40;112;39;16;12;16;14;14;35;1;0;0;1;0;1
579;961;40;76;17;12;NA;8;13;13;31;0;1;0;1;13;5
580;479;40;97;45;12;NA;NA;15;1;38;1;0;1;0;3;4
581;1201;50;98;38;11;11;2;17;16;36;1;0;1;0;4;5
582;1346;45;60;34;16;NA;NA;8;2;31;1;0;1;1;2;3
583;1122;35;132;45;18;12;7;13;8;32;1;0;1;1;2;3
584;543;45;90;31;14;6;NA;5;7;38;1;1;1;1;1;2
585;450;40;63;26;11;7;NA;12;4;31;1;1;1;1;7;2
586;507;55;110;36;14;13;16;10;4;32;1;0;1;1;2;2
587;547;60;88;38;11;NA;NA;17;5;34;1;0;1;1;4;5
588;586;56;98;41;11;NA;6;18;16;35;1;0;1;1;2;2
589;462;55;61;24;12;8;3;6;4;29;1;1;1;0;9;NA
590;705;40;76;32;12;NA;NA;13;8;37;1;1;0;1;5;NA
591;1566;40;127;44;12;11;NA;7;1;29;1;0;0;1;3;2
592;1634;40;94;39;13;8;8;18;18;36;1;0;1;1;2;2
593;1282;45;97;48;16;16;16;4;1;32;1;0;0;1;11;3
594;556;40;127;44;16;12;12;6;2;31;1;1;1;1;2;1
595;1200;40;109;42;15;11;12;7;8;33;1;0;0;1;2;1
596;855;45;89;21;12;3;3;6;6;31;1;0;1;0;4;3
597;1053;40;90;33;12;11;11;18;7;37;1;0;1;0;1;1
598;1000;48;105;39;12;12;7;11;4;28;1;0;1;0;0;1
599;900;55;100;27;12;8;NA;18;5;34;0;0;0;1;2;2
600;1602;45;111;40;16;16;12;10;10;31;1;0;1;0;1;NA
601;508;50;125;44;17;16;13;9;2;31;1;0;1;1;3;1
602;1500;60;124;20;16;12;10;6;6;29;1;0;1;0;2;NA
603;1682;50;107;41;14;12;12;15;9;32;1;0;1;1;0;1
604;750;40;110;45;13;12;16;13;1;35;1;0;1;1;2;NA
605;843;40;102;32;14;16;16;8;7;29;1;0;1;0;1;1
606;409;40;93;26;12;NA;NA;17;18;38;0;0;1;0;0;1
607;1004;40;81;36;12;12;NA;17;15;34;1;0;1;0;1;1
608;650;40;99;36;12;12;10;13;10;30;1;0;1;0;1;2
609;808;40;93;26;12;NA;NA;17;9;37;1;1;1;0;4;1
610;2137;45;102;35;13;12;12;8;2;30;1;0;1;0;0;1
611;761;48;95;44;12;12;5;14;21;38;1;0;1;1;1;1
612;769;40;98;37;16;11;8;8;3;35;0;0;1;1;0;1
613;345;40;84;28;12;NA;NA;7;8;31;1;1;1;1;2;2
614;495;40;88;30;12;NA;7;6;10;31;1;0;1;1;2;1
615;987;38;109;41;16;4;NA;9;3;31;1;0;1;1;3;4
616;2500;60;82;41;12;8;5;21;1;38;1;0;1;0;3;3
617;1098;45;105;22;14;12;NA;6;1;32;0;0;1;1;1;2
618;1212;40;95;36;12;12;8;6;16;38;1;0;1;0;3;1
619;577;40;92;33;15;10;7;8;1;28;1;1;1;1;1;2
620;390;59;74;26;15;7;6;10;3;30;1;1;1;1;3;3
621;1500;40;123;43;16;12;14;9;12;32;1;0;1;1;1;1
622;583;80;86;24;12;12;12;9;1;30;1;0;1;1;2;2
623;460;40;92;22;11;NA;NA;16;1;36;1;0;1;1;5;6
624;945;40;87;41;12;8;NA;12;13;38;1;0;1;1;2;2
625;1442;60;117;39;16;12;10;9;3;31;1;0;1;1;1;2
626;1333;45;112;50;16;12;4;14;8;38;1;0;1;1;1;2
627;1500;37;119;41;15;12;18;8;5;33;0;0;0;1;1;1
628;1333;45;103;30;16;NA;NA;7;1;34;1;0;0;1;3;1
629;700;40;74;29;12;9;NA;16;4;36;1;1;1;1;3;NA
630;973;36;81;33;13;6;9;11;5;32;1;0;1;1;0;1
631;2162;40;124;48;18;10;10;10;8;32;1;0;1;1;1;1
632;797;41;89;38;12;7;8;10;7;36;1;0;1;0;1;2
633;400;40;88;34;12;7;6;14;1;32;1;1;1;1;7;7
634;1015;40;67;31;12;9;5;15;11;32;1;1;0;1;3;2
635;1744;43;106;41;16;12;16;8;9;29;1;0;1;1;1;1
636;630;40;103;30;15;11;5;14;2;32;1;0;1;0;0;1
637;445;40;91;40;12;6;8;11;4;32;1;0;1;0;0;1
638;660;42;101;34;16;12;12;12;9;31;1;0;1;1;0;1
639;779;40;85;30;12;12;NA;14;7;37;1;1;1;1;7;4
640;377;40;83;32;12;12;12;9;1;36;0;0;1;1;1;1
641;560;44;70;34;12;8;NA;16;11;35;1;1;1;1;2;1
642;1122;60;102;54;17;12;11;7;13;32;1;0;1;1;2;2
643;453;50;94;34;12;7;7;9;2;30;1;0;1;0;6;4
644;1386;40;97;38;10;12;8;17;9;37;1;0;1;1;1;2
645;1539;40;115;38;17;12;16;7;9;31;1;0;1;1;2;1
646;1154;40;117;38;16;17;18;11;12;35;1;0;1;1;5;5
647;962;50;105;45;14;8;4;15;2;37;1;0;1;1;3;4
648;722;55;113;36;16;8;NA;8;1;38;0;0;1;1;1;2
649;480;40;83;37;12;10;11;9;3;37;1;0;1;1;4;3
650;808;50;101;44;18;17;12;8;9;38;1;0;1;0;3;2
651;1442;40;113;36;13;12;12;14;8;36;1;0;1;1;2;1
652;1091;50;88;31;13;12;NA;13;4;37;1;0;0;1;4;1
653;350;40;93;41;12;12;NA;16;0;33;0;1;1;1;1;1
654;500;40;83;39;12;7;NA;18;11;36;1;1;1;1;0;1
655;1026;45;113;27;16;16;14;9;13;30;1;0;1;1;2;2
656;577;40;106;43;17;13;16;11;7;33;0;1;1;1;3;2
657;1333;60;106;38;15;12;12;5;1;30;1;0;1;1;2;2
658;915;55;114;36;12;10;NA;17;9;37;1;0;0;1;1;NA
659;1105;40;119;32;16;11;10;9;10;30;0;0;1;1;5;1
660;910;40;82;26;14;9;3;5;5;30;1;1;1;1;10;NA
661;1000;40;89;40;12;1;4;17;8;38;1;0;1;1;7;7
662;1160;40;74;18;12;3;4;14;1;33;1;1;1;1;9;6
663;1001;34;77;22;12;3;4;12;3;29;1;1;1;1;9;8
664;713;40;75;25;12;NA;NA;5;12;36;1;1;1;1;7;4
665;929;40;97;28;13;12;12;12;5;30;1;0;1;1;2;1
666;400;50;68;35;12;6;2;4;9;31;1;1;1;1;6;1
667;1241;40;83;51;13;12;12;9;10;33;1;0;1;1;2;3
668;1065;40;97;40;12;12;NA;21;10;36;1;0;1;1;1;1
669;403;45;98;37;12;12;12;5;3;30;1;0;1;1;2;NA
670;940;45;102;30;13;NA;NA;15;12;30;1;1;1;1;2;2
671;812;40;81;20;10;8;3;17;13;34;1;1;1;1;2;2
672;700;20;85;27;10;6;10;13;0;35;1;1;1;1;3;NA
673;575;40;86;20;10;NA;NA;12;6;33;1;1;1;1;8;NA
674;450;40;79;23;10;12;12;20;5;36;1;1;1;1;7;6
675;621;43;84;24;12;8;6;14;10;31;1;0;1;0;4;3
676;441;38;74;24;12;8;6;12;11;30;1;0;1;0;4;4
677;625;40;92;25;16;NA;NA;6;9;33;1;1;1;0;11;1
678;726;45;93;32;12;6;NA;16;5;36;1;0;1;0;5;2
679;500;40;69;18;9;6;NA;21;13;38;1;1;1;1;8;6
680;1000;44;113;41;17;17;18;8;2;34;1;0;1;1;4;1
681;393;48;92;37;12;8;7;15;16;38;1;0;1;1;1;1
682;600;40;127;44;12;9;12;8;3;28;0;0;1;0;2;2
683;962;50;109;44;12;6;NA;21;12;37;1;0;1;0;0;1
684;962;40;97;42;12;10;8;15;4;34;1;0;1;0;5;1
685;865;40;66;30;11;0;10;10;7;30;1;0;0;1;14;4
686;1154;50;109;46;16;16;14;10;3;35;1;0;1;1;2;1
687;1386;42;109;43;16;4;14;10;11;34;1;0;1;0;1;1
688;732;40;104;36;12;NA;NA;10;7;36;1;0;1;1;1;2
689;865;40;85;44;13;8;8;4;9;34;1;0;1;1;3;3
690;700;40;81;26;12;8;4;13;13;31;1;0;1;0;5;6
691;975;40;87;12;9;5;4;20;10;37;1;0;1;0;3;NA
692;1300;40;78;40;13;12;12;12;3;33;1;0;1;1;2;3
693;900;40;54;37;14;12;12;12;3;31;1;0;1;1;2;1
694;829;40;98;33;12;8;8;15;15;36;1;0;0;1;4;5
695;1000;40;98;34;12;12;NA;17;13;36;1;0;1;1;3;NA
696;827;40;105;29;16;16;12;7;8;30;1;0;0;1;2;1
697;500;44;87;25;13;12;NA;5;2;31;1;0;1;1;7;NA
698;1155;40;117;25;13;12;12;9;1;28;1;0;0;1;3;2
699;950;55;85;30;15;12;12;8;3;29;0;0;0;1;2;NA
700;700;40;82;35;13;8;NA;10;4;30;1;0;0;1;4;5
701;1710;45;114;39;18;12;NA;7;6;32;1;0;0;1;1;1
702;533;30;65;21;12;11;12;5;1;32;0;1;0;1;5;1
703;2004;48;105;48;18;12;12;10;0;34;1;0;0;1;2;1
704;890;60;92;20;14;7;7;9;8;32;1;0;0;1;1;2
705;3078;30;107;23;13;12;12;11;4;29;1;0;0;1;2;2
706;1539;40;111;41;17;12;16;10;13;37;1;0;0;1;3;2
707;508;40;73;38;12;NA;NA;1;1;31;1;1;0;1;1;NA
708;1354;40;119;49;17;16;16;13;9;35;0;0;0;0;2;1
709;1143;35;97;40;12;12;12;21;8;38;1;0;0;1;5;1
710;962;40;110;34;12;10;10;16;8;33;1;0;0;1;2;1
711;1250;44;96;32;12;12;12;19;20;38;1;0;0;1;2;1
712;990;40;67;23;12;8;8;16;3;34;1;1;0;1;2;1
713;905;40;102;31;12;12;12;17;4;37;1;0;0;0;5;5
714;926;55;64;22;12;0;2;18;0;38;1;0;0;1;4;5
715;1559;40;103;32;12;8;8;17;10;34;1;0;0;1;3;4
716;1312;40;118;39;10;12;8;14;4;32;1;0;0;1;0;1
717;923;40;118;36;14;7;NA;8;16;35;1;1;0;1;5;1
718;879;40;118;41;18;13;13;1;9;31;1;0;0;1;1;2
719;800;25;75;37;13;12;10;14;1;38;1;0;1;1;0;1
720;1049;50;112;45;14;12;10;6;10;32;1;0;0;0;3;3
721;550;40;95;20;12;12;10;4;1;30;0;0;0;0;3;4
722;1190;40;119;38;17;12;14;4;2;34;1;0;0;1;0;1
723;583;48;94;35;14;12;12;10;6;37;1;0;0;0;2;1
724;1200;40;103;27;14;6;7;5;2;30;1;0;0;1;1;1
725;797;55;90;36;16;14;17;11;5;33;1;0;0;1;5;2
726;1371;40;128;50;18;16;12;8;13;36;1;0;0;0;1;2
727;360;55;110;44;13;12;8;11;1;38;0;1;0;1;4;NA
728;1270;40;84;40;12;12;12;11;12;30;1;0;0;1;2;2
729;1832;40;97;38;12;8;12;16;1;36;1;0;0;1;1;2
730;909;40;102;34;12;12;7;14;5;33;1;0;0;1;3;3
731;1746;40;131;41;18;12;12;9;10;33;1;0;0;1;7;3
732;520;40;126;23;16;12;12;8;1;30;1;0;0;1;7;5
733;808;40;107;32;16;12;12;6;7;29;1;0;0;0;7;6
734;2137;45;108;45;16;12;NA;11;2;36;1;0;0;1;2;3
735;692;50;92;49;15;8;8;9;3;38;1;1;0;1;0;1
736;931;80;108;40;16;12;12;4;1;36;1;0;0;1;4;2
737;812;45;115;46;16;12;8;11;3;34;1;0;0;1;1;2
738;866;40;111;44;14;12;12;16;14;35;1;0;0;1;1;1
739;1442;40;115;47;12;12;12;14;9;36;1;0;0;1;7;5
740;500;40;101;31;14;11;6;12;0;32;1;0;0;0;2;2
741;1384;50;114;48;18;12;13;12;2;37;1;0;0;1;1;1
742;528;55;116;40;18;12;12;5;9;30;1;0;0;1;4;5
743;881;40;90;41;12;12;NA;4;14;36;1;0;0;0;2;3
744;1026;45;125;33;12;14;17;11;11;28;1;0;0;1;3;1
745;1212;40;98;26;12;12;10;11;12;28;0;0;0;1;4;NA
746;1620;38;111;42;15;10;NA;8;5;29;1;0;0;0;1;2
747;1843;48;109;38;16;12;NA;11;2;32;1;0;0;1;3;2
748;1602;60;124;36;16;12;12;12;2;37;1;0;0;1;1;2
749;1000;40;121;35;13;8;14;6;1;33;1;0;0;1;2;2
750;737;48;103;37;12;10;NA;7;4;30;1;0;0;1;4;4
751;1699;40;96;19;12;12;12;10;1;29;0;0;1;1;2;3
752;1699;40;100;40;12;12;8;11;9;33;1;0;0;1;1;2
753;1025;48;104;30;14;NA;12;6;5;32;1;0;0;1;2;3
754;1107;40;112;38;12;11;12;12;5;38;1;0;0;1;5;3
755;625;40;73;24;11;12;12;1;1;31;1;0;0;1;3;4
756;720;50;101;39;13;11;11;1;7;29;1;0;0;1;4;2
757;855;40;99;44;12;12;12;19;10;36;1;0;0;1;1;2
758;1250;40;95;23;12;12;12;12;2;32;1;0;0;1;2;2
759;1130;40;109;40;18;18;15;4;13;38;1;0;0;0;1;2
760;900;40;110;35;12;13;13;6;1;28;0;0;0;1;1;NA
761;1924;50;98;49;17;4;NA;6;7;38;1;0;0;1;1;1
762;962;40;112;46;15;12;16;8;2;37;1;0;0;1;2;1
763;1874;48;64;37;11;NA;NA;22;3;38;1;1;0;1;7;NA
764;1573;55;90;28;12;11;8;5;3;30;1;0;0;1;4;3
765;940;45;102;46;14;12;10;11;7;36;1;0;0;1;1;2
766;900;40;119;39;16;12;12;8;9;30;1;0;0;0;1;2
767;882;44;96;34;12;8;10;15;13;31;1;0;0;0;6;3
768;1710;45;118;40;18;12;12;12;12;38;1;0;0;1;1;1
769;1260;45;79;39;12;9;8;19;15;37;1;0;0;0;3;2
770;751;40;96;42;12;10;8;9;7;38;1;0;0;0;1;1
771;1097;50;80;27;11;12;11;12;12;28;1;0;0;0;5;1
772;1001;48;137;36;13;12;NA;11;11;33;1;0;0;0;5;6
773;1154;40;116;42;15;12;9;11;12;34;0;0;0;0;2;1
774;1000;43;69;31;12;12;8;15;16;35;1;0;0;1;4;4
775;1250;40;78;36;12;6;2;16;3;33;1;0;0;1;9;NA
776;857;65;99;41;12;8;8;18;3;38;1;0;1;1;2;1
777;1211;27;92;33;12;16;12;13;3;31;1;0;0;1;3;2
778;937;32;113;23;16;16;12;12;7;29;1;0;0;1;3;NA
779;904;50;98;29;13;12;NA;7;1;33;1;0;0;1;5;NA
780;872;45;115;30;15;12;18;7;4;29;1;0;0;1;3;1
781;1200;40;96;26;9;NA;8;18;0;34;1;0;0;1;4;3
782;1261;40;117;41;17;6;8;1;9;35;1;0;0;1;4;1
783;950;40;96;38;12;8;2;14;2;35;1;0;0;1;1;1
784;115;50;108;46;12;10;11;9;3;29;1;0;0;1;5;6
785;673;40;92;34;17;16;12;6;4;31;1;0;0;1;5;5
786;1084;45;95;38;15;16;16;17;10;37;1;0;0;1;1;2
787;1058;40;94;40;14;15;9;13;14;34;1;0;0;1;0;1
788;800;40;115;38;12;7;8;20;12;38;1;0;0;0;7;6
789;369;40;117;36;18;NA;NA;11;1;31;0;0;0;0;3;4
790;1924;40;105;42;16;12;NA;14;13;36;1;0;0;0;0;1
791;855;40;109;36;12;7;6;17;15;36;1;0;0;0;3;1
792;864;40;87;38;12;12;12;15;6;31;1;0;0;0;1;1
793;1092;44;110;34;16;13;13;15;13;36;1;0;0;1;4;4
794;1025;40;110;30;16;10;12;9;4;30;1;0;0;0;3;NA
795;850;35;109;32;12;17;NA;11;2;31;1;0;0;0;2;2
796;673;40;85;21;12;12;12;17;10;35;1;0;0;0;2;2
797;800;40;105;42;14;10;12;12;12;37;1;0;0;0;3;2
798;1049;44;122;39;16;10;12;7;3;33;1;0;0;0;3;3
799;884;40;108;40;17;14;9;9;11;35;1;0;0;1;3;2
800;800;40;122;38;16;12;8;10;2;31;0;0;1;1;3;3
801;1200;40;79;32;17;8;8;9;9;32;1;0;0;1;0;1
802;664;40;105;30;12;12;12;8;10;29;1;0;0;1;7;6
803;1111;45;90;47;12;NA;NA;18;18;37;1;0;0;1;6;3
804;850;43;111;38;16;NA;NA;8;8;34;1;0;0;1;4;2
805;1000;40;110;42;12;8;12;6;12;37;1;0;0;1;5;2
806;875;40;92;32;12;14;14;8;4;29;0;0;0;1;4;NA
807;1202;40;131;32;16;12;12;10;2;33;1;0;0;0;3;2
808;666;40;104;32;12;12;12;10;2;29;1;0;0;0;2;3
809;923;40;110;39;16;12;7;15;11;37;1;0;0;0;2;1
810;788;40;99;20;12;10;3;10;10;28;1;0;1;1;4;5
811;950;40;86;31;10;NA;6;23;5;38;1;0;1;1;9;9
812;1442;40;105;42;12;NA;NA;9;16;37;1;0;1;1;3;4
813;866;40;85;26;12;6;0;11;12;30;1;1;1;0;8;5
814;625;40;72;34;9;4;NA;17;5;34;1;0;1;0;10;7
815;680;40;86;35;12;6;7;13;9;32;0;0;1;0;6;1
816;693;40;68;38;12;12;8;11;19;35;1;0;1;0;5;2
817;875;36;95;22;12;6;NA;16;2;38;0;1;1;0;8;9
818;2308;40;116;42;17;12;13;8;2;38;1;0;0;0;6;1
819;1196;45;96;45;14;10;6;10;4;32;1;0;1;0;2;3
820;700;38;85;36;12;2;8;13;8;32;1;1;1;1;6;NA
821;721;40;100;32;12;12;4;8;8;29;1;0;1;1;3;2
822;1500;40;101;38;13;12;8;13;2;32;1;0;1;1;5;3
823;1050;50;97;31;15;16;9;4;9;31;1;1;1;1;2;1
824;801;48;100;30;14;NA;NA;6;10;29;1;1;1;1;2;1
825;640;23;96;39;12;NA;NA;7;3;31;0;1;1;1;5;NA
826;1198;32;117;39;16;12;12;7;9;30;1;0;1;1;1;2
827;390;55;93;38;12;16;13;4;2;32;1;0;1;1;1;NA
828;889;36;116;37;12;9;12;12;11;28;1;0;1;1;1;2
829;1076;38;106;42;12;12;9;19;20;36;1;0;1;1;1;1
830;1127;40;98;45;12;14;12;17;12;36;1;0;1;1;1;2
831;750;50;103;36;15;12;9;1;1;37;1;0;1;0;1;1
832;855;40;118;41;14;NA;12;6;14;33;1;0;1;0;3;1
833;525;40;100;22;13;10;12;5;1;31;1;0;1;0;1;1
834;1104;54;96;39;12;10;12;11;4;29;1;0;1;0;1;2
835;553;40;67;22;12;8;9;11;10;30;1;1;1;0;7;2
836;800;43;96;27;12;10;10;10;1;29;1;0;1;0;1;1
837;1384;50;104;42;13;13;14;8;7;31;1;0;1;0;3;1
838;425;30;106;34;17;14;12;8;0;36;0;0;1;0;0;1
839;510;54;62;34;11;2;10;13;4;33;0;1;1;1;7;6
840;370;32;73;31;12;3;4;13;2;31;1;1;1;0;9;2
841;596;40;62;26;12;2;8;16;14;33;1;1;1;0;9;8
842;402;40;76;28;12;NA;10;9;4;28;1;1;0;1;4;2
843;418;40;76;26;12;9;10;12;2;31;1;1;1;0;0;1
844;1133;40;106;44;16;12;NA;13;10;36;1;0;1;0;1;1
845;681;40;94;24;12;9;10;18;15;35;0;0;1;1;4;NA
846;950;40;81;29;11;10;6;16;5;35;1;0;1;0;3;4
847;600;40;87;15;10;5;6;20;7;36;1;0;1;0;0;1
848;661;40;96;25;13;NA;5;8;6;29;0;0;1;0;3;2
849;925;40;75;27;12;6;NA;12;9;30;1;0;1;0;2;2
850;550;40;95;34;12;5;5;14;13;31;1;0;1;0;0;1
851;606;40;86;19;11;3;7;13;11;30;1;0;1;0;4;4
852;425;40;86;17;10;3;7;7;1;30;1;0;1;0;4;4
853;340;50;104;41;14;8;18;4;1;31;1;0;1;1;5;3
854;692;50;95;21;12;7;5;16;9;34;1;0;1;1;2;2
855;575;40;116;37;12;8;12;11;9;29;1;0;1;0;1;2
856;571;40;66;20;9;8;6;15;10;33;1;0;1;0;5;1
857;817;40;101;38;16;0;5;11;9;32;1;0;1;1;1;2
858;987;40;96;23;12;12;12;11;5;29;1;0;1;0;1;2
859;616;55;104;41;12;9;NA;16;18;35;1;0;1;1;4;5
860;1026;60;105;34;16;14;10;12;1;35;1;0;0;1;3;1
861;808;40;106;34;12;8;7;4;3;29;1;0;0;1;1;2
862;808;50;101;34;17;15;15;8;0;30;1;0;1;1;1;2
863;788;40;96;42;12;12;12;13;5;36;1;0;1;1;4;1
864;850;40;105;34;12;12;9;6;2;33;1;0;0;1;1;1
865;900;38;106;40;12;3;2;10;19;38;1;0;1;1;7;NA
866;1418;45;102;44;12;8;8;19;20;36;1;0;1;1;2;3
867;260;40;75;35;12;NA;NA;21;0;37;1;1;1;0;3;3
868;662;45;99;27;14;5;5;7;2;28;1;1;1;0;6;1
869;562;55;90;46;13;12;11;4;1;38;1;0;1;0;1;1
870;562;80;104;30;12;12;12;11;5;28;1;0;1;0;1;NA
871;357;70;115;37;13;NA;NA;5;2;30;1;0;1;1;6;7
872;1009;40;118;37;16;12;10;11;12;32;1;0;1;0;0;1
873;1442;40;108;40;12;9;12;17;17;36;1;0;1;1;1;1
874;651;40;76;30;11;10;11;11;2;29;1;1;0;1;7;7
875;750;40;50;28;12;3;NA;14;5;32;1;1;1;0;10;NA
876;754;40;55;23;12;10;NA;13;14;33;1;1;1;0;2;1
877;700;40;73;23;12;NA;NA;17;9;38;1;1;1;0;8;3
878;503;40;84;14;11;9;9;11;2;30;0;1;0;1;3;NA
879;937;40;104;37;12;12;9;14;15;32;1;0;1;0;1;2
880;624;40;92;40;10;10;6;18;10;36;1;0;1;0;2;3
881;750;40;83;27;12;10;6;4;10;32;1;1;1;0;7;1
882;900;40;98;36;14;10;6;1;8;30;1;1;1;0;7;2
883;540;40;70;25;10;10;7;12;10;29;1;1;1;0;9;NA
884;642;35;87;26;13;4;10;9;3;30;1;0;1;0;10;10
885;400;50;96;38;15;12;NA;6;10;28;0;0;1;0;5;NA
886;900;40;80;34;10;12;10;15;14;38;1;0;1;0;3;3
887;513;40;104;40;16;12;10;8;10;33;1;0;1;0;5;2
888;894;40;104;35;18;9;8;7;10;35;1;0;1;0;7;8
889;1282;60;96;24;18;12;18;7;5;32;1;0;1;1;4;2
890;485;40;89;24;12;12;18;10;9;30;0;0;1;0;4;3
891;325;55;113;39;12;10;13;11;5;29;1;0;1;0;1;2
892;769;45;105;29;12;7;7;16;5;33;1;0;1;0;4;1
893;618;40;84;39;14;7;4;6;8;31;0;0;1;1;7;8
894;1040;48;108;36;12;7;3;16;17;35;1;0;1;1;6;7
895;751;40;104;32;12;8;3;15;4;34;1;0;1;1;4;3
896;380;50;106;28;12;7;7;15;11;30;1;0;1;0;2;1
897;300;24;83;45;12;3;NA;16;3;37;1;1;1;1;4;1
898;753;46;70;34;10;12;7;21;7;38;1;0;1;1;4;2
899;1065;65;104;39;16;11;12;10;11;34;1;0;1;1;2;3
900;1070;40;91;42;12;14;12;13;1;30;1;0;0;1;1;2
901;1573;55;112;42;18;14;18;7;8;34;1;0;1;1;1;1
902;650;40;97;27;10;12;9;14;9;30;1;0;1;0;5;1
903;700;45;99;40;12;10;10;15;7;32;1;0;1;0;4;2
904;494;40;74;30;12;NA;NA;16;4;34;1;1;1;0;5;NA
905;890;48;100;40;12;NA;NA;4;8;31;1;0;1;0;0;1
906;520;40;86;28;10;6;NA;15;12;31;1;0;1;0;0;1
907;891;40;90;36;12;12;9;16;16;32;1;0;1;0;5;5
908;570;50;101;43;12;12;NA;11;12;30;1;0;0;1;2;3
909;1444;40;109;33;15;11;9;11;1;29;1;0;1;1;2;1
910;481;48;98;26;12;NA;NA;14;2;31;0;1;0;1;4;3
911;500;44;107;40;12;12;7;21;12;38;1;0;1;0;2;NA
912;1473;40;110;48;16;12;14;15;15;36;1;0;1;0;1;2
913;803;40;120;35;13;10;12;4;1;28;1;0;1;1;3;4
914;962;50;97;34;16;12;12;7;2;30;1;0;1;1;0;1
915;1000;44;103;37;12;11;NA;9;5;29;1;0;1;1;0;1
916;600;40;114;36;16;12;12;5;4;30;1;0;1;1;2;1
917;450;40;95;31;11;8;8;12;2;30;1;0;1;0;2;3
918;629;60;93;32;12;10;6;6;1;30;1;1;1;0;8;3
919;492;60;67;38;12;8;NA;15;2;34;1;1;1;0;3;NA
920;1562;40;97;28;17;12;13;7;2;32;1;0;1;1;5;1
921;357;70;97;34;14;13;16;6;3;28;1;0;1;0;1;2
922;960;40;83;25;13;10;NA;14;13;32;1;0;1;1;4;NA
923;566;45;104;46;16;12;12;5;2;32;1;0;1;0;1;2
924;481;40;82;27;12;12;8;9;2;32;1;0;1;0;2;2
925;1442;40;113;45;16;8;8;8;10;35;1;0;1;1;2;2
926;645;45;93;39;12;7;8;11;3;35;1;0;1;0;7;7
927;788;40;100;23;11;9;NA;15;6;32;1;1;1;0;5;NA
928;644;42;101;38;12;12;NA;11;5;33;1;0;1;0;4;3
929;477;45;100;33;12;7;7;9;3;31;1;0;1;0;3;3
930;664;60;82;30;16;16;16;10;9;34;1;1;1;1;3;4
931;520;40;79;28;16;11;NA;6;1;30;1;1;1;0;0;1
932;1202;40;102;32;13;8;6;10;3;31;1;0;1;1;7;7
933;538;45;77;22;12;7;NA;12;10;28;1;1;1;0;9;NA
934;873;44;109;25;12;NA;11;12;12;28;1;0;1;0;1;1
935;1000;40;107;32;12;NA;NA;17;18;35;1;0;1;0;5;1
